[{"name":"Canton de Zurich","iso":"ZH","fips":"25","admin":"ZH","reference":{"geonames":2657895,"openstreetmap":1690227,"openstreetmap_level":4,"wikipedia":"en:Canton_of_Zurich","wof":"85682309"}},{"name":"Canton de Zoug","iso":"ZG","fips":"24","admin":"ZG","reference":{"geonames":2657907,"openstreetmap":1686447,"openstreetmap_level":4,"wikipedia":"en:Canton_of_Zug","wof":"85682263"}},{"name":"Canton de Vaud","iso":"VD","fips":"23","admin":"VD","reference":{"geonames":2658182,"openstreetmap":1702421,"openstreetmap_level":4,"wikipedia":"en:Vaud","wof":"85682325"}},{"name":"Canton du Valais","iso":"VS","fips":"22","admin":"VS","reference":{"geonames":2658205,"openstreetmap":1686699,"openstreetmap_level":4,"wikipedia":"en:Valais","wof":"85682281"}},{"name":"Canton d'Uri","iso":"UR","fips":"21","admin":"UR","reference":{"geonames":2658226,"openstreetmap":1693971,"openstreetmap_level":4,"wikipedia":"en:Canton_of_Uri","wof":"85682377"}},{"name":"Canton du Tessin","iso":"TI","fips":"20","admin":"TI","reference":{"geonames":2658370,"openstreetmap":1687730,"openstreetmap_level":4,"wikipedia":"en:Ticino","wof":"85682269"}},{"name":"Canton de Thurgovie","iso":"TG","fips":"19","admin":"TG","reference":{"geonames":2658372,"openstreetmap":1693811,"openstreetmap_level":4,"wikipedia":"en:Thurgau","wof":"85682337"}},{"name":"Canton de Soleure","iso":"SO","fips":"18","admin":"SO","reference":{"geonames":2658563,"openstreetmap":1701133,"openstreetmap_level":4,"wikipedia":"en:Canton_of_Solothurn","wof":"85682365"}},{"name":"Canton de Schwytz","iso":"SZ","fips":"17","admin":"SZ","reference":{"geonames":2658664,"openstreetmap":1688583,"openstreetmap_level":4,"wikipedia":"en:Canton_of_Schwyz","wof":"85682305"}},{"name":"Canton de Schaffhouse","iso":"SH","fips":"16","admin":"SH","reference":{"geonames":2658760,"openstreetmap":1696112,"openstreetmap_level":4,"wikipedia":"en:Canton_of_Schaffhausen","wof":"85682285"}},{"name":"Canton de Saint-Gall","iso":"SG","fips":"15","admin":"SG","reference":{"geonames":2658821,"openstreetmap":1687006,"openstreetmap_level":4,"wikipedia":"en:Canton_of_St._Gallen","wof":"85682341"}},{"name":"Canton d'Obwald","iso":"OW","fips":"14","admin":"OW","reference":{"geonames":2659315,"openstreetmap":1686448,"openstreetmap_level":4,"wikipedia":"en:Obwalden","wof":"85682371"}},{"name":"Canton de Nidwald","iso":"NW","fips":"13","admin":"NW","reference":{"geonames":2659471,"openstreetmap":1686449,"openstreetmap_level":4,"wikipedia":"en:Nidwalden","wof":"85682315"}},{"name":"Canton de Neuchâtel","iso":"NE","fips":"12","admin":"NE","reference":{"geonames":2659495,"openstreetmap":1702420,"openstreetmap_level":4,"wikipedia":"en:Canton_of_Neuchâtel","wof":null}},{"name":"Canton de Lucerne","iso":"LU","fips":"11","admin":"LU","reference":{"geonames":2659810,"openstreetmap":1685677,"openstreetmap_level":4,"wikipedia":"en:Canton_of_Lucerne","wof":"85682319"}},{"name":"Canton du Jura","iso":"JU","fips":"26","admin":"JU","reference":{"geonames":2660207,"openstreetmap":1697347,"openstreetmap_level":4,"wikipedia":"en:Canton_of_Jura","wof":"85682347"}},{"name":"Canton des Grisons","iso":"GR","fips":"09","admin":"GR","reference":{"geonames":2660522,"openstreetmap":1686631,"openstreetmap_level":4,"wikipedia":"en:Graubünden","wof":"85682255"}},{"name":"Canton de Glaris","iso":"GL","fips":"08","admin":"GL","reference":{"geonames":2660593,"openstreetmap":1685673,"openstreetmap_level":4,"wikipedia":"en:Canton_of_Glarus","wof":"85682249"}},{"name":"Canton de Genève","iso":"GE","fips":"07","admin":"GE","reference":{"geonames":2660645,"openstreetmap":1702419,"openstreetmap_level":4,"wikipedia":"en:Canton_of_Geneva","wof":null}},{"name":"Canton de Fribourg","iso":"FR","fips":"06","admin":"FR","reference":{"geonames":2660717,"openstreetmap":1698314,"openstreetmap_level":4,"wikipedia":"en:Canton_of_Fribourg","wof":"85682301"}},{"name":"Canton de Berne","iso":"BE","fips":"05","admin":"BE","reference":{"geonames":2661551,"openstreetmap":1686344,"openstreetmap_level":4,"wikipedia":"en:Canton_of_Bern","wof":"85682381"}},{"name":"Canton de Bâle-Ville","iso":"BS","fips":"04","admin":"BS","reference":{"geonames":2661602,"openstreetmap":1699639,"openstreetmap_level":4,"wikipedia":"en:Basel-Stadt","wof":"85682297"}},{"name":"Canton de Bâle-Campagne","iso":"BL","fips":"03","admin":"BL","reference":{"geonames":2661603,"openstreetmap":1686366,"openstreetmap_level":4,"wikipedia":"en:Basel-Landschaft","wof":"85682361"}},{"name":"Canton d'Appenzell Rhodes-Extérieures","iso":"AR","fips":"02","admin":"AR","reference":{"geonames":2661739,"openstreetmap":1686649,"openstreetmap_level":4,"wikipedia":"en:Appenzell_Ausserrhoden","wof":null}},{"name":"Canton d'Appenzell Rhodes-Intérieures","iso":"AI","fips":"10","admin":"AI","reference":{"geonames":2661741,"openstreetmap":1686666,"openstreetmap_level":4,"wikipedia":"en:Appenzell_Innerrhoden","wof":"85682275"}},{"name":"Canton d'Argovie","iso":"AG","fips":"01","admin":"AG","reference":{"geonames":2661876,"openstreetmap":1686359,"openstreetmap_level":4,"wikipedia":"en:Aargau","wof":"85682329"}}]