[{"name":"Laponie","iso":"10","fips":"26","admin":"19","reference":{"geonames":830603,"openstreetmap":1724359,"openstreetmap_level":6,"wikipedia":"en:Lapland_(Finland)","wof":"404227409"}},{"name":"Kainuu","iso":"05","fips":"22","admin":"18","reference":{"geonames":830664,"openstreetmap":1997164,"openstreetmap_level":6,"wikipedia":"en:Kainuu","wof":"85683137"}},{"name":"Ostrobotnie du Nord","iso":"14","fips":"31","admin":"17","reference":{"geonames":830667,"openstreetmap":1724360,"openstreetmap_level":6,"wikipedia":"en:Pohjois-Pohjanmaa","wof":"85683143"}},{"name":"Ostrobotnie-Centrale","iso":"07","fips":"23","admin":"16","reference":{"geonames":830675,"openstreetmap":1702330,"openstreetmap_level":6,"wikipedia":"en:Keski-Pohjanmaa","wof":"85683125"}},{"name":"Ostrobotnie","iso":"12","fips":"29","admin":"15","reference":{"geonames":830676,"openstreetmap":2000320,"openstreetmap_level":6,"wikipedia":"en:Ostrobothnia_(region)","wof":"85683119"}},{"name":"Ostrobotnie du Sud","iso":"03","fips":"18","admin":"14","reference":{"geonames":830682,"openstreetmap":1702263,"openstreetmap_level":6,"wikipedia":"en:Etelä-Pohjanmaa","wof":"85683113"}},{"name":"Finlande-Centrale","iso":"08","fips":"24","admin":"13","reference":{"geonames":830685,"openstreetmap":1701740,"openstreetmap_level":6,"wikipedia":"en:Keski-Suomi","wof":"85683117"}},{"name":"Carélie du Nord","iso":"13","fips":"30","admin":"12","reference":{"geonames":830686,"openstreetmap":1999428,"openstreetmap_level":6,"wikipedia":"en:Pohjois-Karjala","wof":null}},{"name":"Savonie du Nord","iso":"15","fips":"33","admin":"11","reference":{"geonames":830690,"openstreetmap":918898,"openstreetmap_level":6,"wikipedia":"en:Pohjois-Savo","wof":"85683131"}},{"name":"Savonie du Sud","iso":"04","fips":"19","admin":"10","reference":{"geonames":830695,"openstreetmap":918897,"openstreetmap_level":6,"wikipedia":"en:Etelä-Savo","wof":"85683109"}},{"name":"Carélie du Sud","iso":"02","fips":"17","admin":"09","reference":{"geonames":830699,"openstreetmap":2067231,"openstreetmap_level":6,"wikipedia":"en:Etelä-Karjala","wof":"85683103"}},{"name":"Vallée de la Kymi","iso":"09","fips":"25","admin":"08","reference":{"geonames":830703,"openstreetmap":2102313,"openstreetmap_level":6,"wikipedia":"en:Kymenlaakso","wof":"85683081"}},{"name":"Pirkanmaa","iso":"11","fips":"28","admin":"06","reference":{"geonames":830704,"openstreetmap":1701741,"openstreetmap_level":6,"wikipedia":"en:Pirkanmaa","wof":"85683099"}},{"name":"Kanta-Häme","iso":"06","fips":"20","admin":"05","reference":{"geonames":830705,"openstreetmap":1473990,"openstreetmap_level":6,"wikipedia":"en:Kanta-Häme","wof":"85683077"}},{"name":"Finlande propre","iso":"19","fips":"34","admin":"02","reference":{"geonames":830708,"openstreetmap":38092,"openstreetmap_level":6,"wikipedia":"en:Southwest_Finland","wof":"85683073"}},{"name":"Uusimaa","iso":"18","fips":"35","admin":"01","reference":{"geonames":830709,"openstreetmap":37355,"openstreetmap_level":6,"wikipedia":"en:Uusimaa","wof":"85683067"}},{"name":"Päijät-Häme","iso":"16","fips":"27","admin":"07","reference":{"geonames":831040,"openstreetmap":1703362,"openstreetmap_level":6,"wikipedia":"en:Päijät-Häme","wof":"85683091"}},{"name":"Satakunta","iso":"17","fips":"32","admin":"04","reference":{"geonames":831041,"openstreetmap":2000361,"openstreetmap_level":6,"wikipedia":"en:Satakunta","wof":"85683095"}}]